Data Source,,,,,,,,,,,,,,,,,,,,,,,,,,,,,,,,,,,,,,,,,,,,,,,,,,,,,,,,,,,,,,,,,,
,,,,,,,,,,,,,,,,,,,,,,,,,,,,,,,,,,,,,,,,,,,,,,,,,,,,,,,,,,,,,,,,,,
Last Updated Date,,,,,,,,,,,,,,,,,,,,,,,,,,,,,,,,,,,,,,,,,,,,,,,,,,,,,,,,,,,,,,,,,,
,,,,,,,,,,,,,,,,,,,,,,,,,,,,,,,,,,,,,,,,,,,,,,,,,,,,,,,,,,,,,,,,,,
Country Name,Indicator Name,Indicator Code,1960,1961,1962,1963,1964,1965,1966,1967,1968,1969,1970,1971,1972,1973,1974,1975,1976,1977,1978,1979,1980,1981,1982,1983,1984,1985,1986,1987,1988,1989,1990,1991,1992,1993,1994,1995,1996,1997,1998,1999,2000,2001,2002,2003,2004,2005,2006,2007,2008,2009,2010,2011,2012,2013,2014,2015,2016,2017,2018,2019,2020,2021,2022,2023
Aruba,"Prevalence of current tobacco use, females (% of female adults)",SH.PRV.SMOK.FE,,,,,,,,,,,,,,,,,,,,,,,,,,,,,,,,,,,,,,,,,,,,,,,,,,,,,,,,,,,,,,,,
Africa Eastern and Southern,"Prevalence of current tobacco use, females (% of female adults)",SH.PRV.SMOK.FE,,,,,,,,,,,,,,,,,,,,,,,,,,,,,,,,,,,,,,,,,9.803426614,,,,,7.822218537,,,,,6.248666727,,,,,5.000213347,,,4.376514198,4.190261136,3.97562668,,,
Afghanistan,"Prevalence of current tobacco use, females (% of female adults)",SH.PRV.SMOK.FE,,,,,,,,,,,,,,,,,,,,,,,,,,,,,,,,,,,,,,,,,18.4,,,,,14.5,,,,,11.4,,,,,9.1,,,7.9,7.5,7.2,,,
Africa Western and Central,"Prevalence of current tobacco use, females (% of female adults)",SH.PRV.SMOK.FE,,,,,,,,,,,,,,,,,,,,,,,,,,,,,,,,,,,,,,,,,3.964828598,,,,,2.991684356,,,,,2.219874627,,,,,1.649195424,,,1.397320505,1.291968621,1.224887791,,,
Angola,"Prevalence of current tobacco use, females (% of female adults)",SH.PRV.SMOK.FE,,,,,,,,,,,,,,,,,,,,,,,,,,,,,,,,,,,,,,,,,,,,,,,,,,,,,,,,,,,,,,,,
Albania,"Prevalence of current tobacco use, females (% of female adults)",SH.PRV.SMOK.FE,,,,,,,,,,,,,,,,,,,,,,,,,,,,,,,,,,,,,,,,,10.9,,,,,9.4,,,,,8.1,,,,,6.9,,,6.4,6.2,6,,,
Andorra,"Prevalence of current tobacco use, females (% of female adults)",SH.PRV.SMOK.FE,,,,,,,,,,,,,,,,,,,,,,,,,,,,,,,,,,,,,,,,,29.3,,,,,29.1,,,,,28.9,,,,,28.6,,,28.5,28.3,28.3,,,
Arab World,"Prevalence of current tobacco use, females (% of female adults)",SH.PRV.SMOK.FE,,,,,,,,,,,,,,,,,,,,,,,,,,,,,,,,,,,,,,,,,4.480102301,,,,,3.779505791,,,,,3.292981092,,,,,2.984425534,,,2.733666392,2.624175061,2.540853166,,,
United Arab Emirates,"Prevalence of current tobacco use, females (% of female adults)",SH.PRV.SMOK.FE,,,,,,,,,,,,,,,,,,,,,,,,,,,,,,,,,,,,,,,,,,,,,,,,,,,,,,,,,,,,,,,,
Argentina,"Prevalence of current tobacco use, females (% of female adults)",SH.PRV.SMOK.FE,,,,,,,,,,,,,,,,,,,,,,,,,,,,,,,,,,,,,,,,,28.4,,,,,26,,,,,23.6,,,,,21.5,,,20.3,19.9,19.6,,,
Armenia,"Prevalence of current tobacco use, females (% of female adults)",SH.PRV.SMOK.FE,,,,,,,,,,,,,,,,,,,,,,,,,,,,,,,,,,,,,,,,,2.2,,,,,2,,,,,1.8,,,,,1.7,,,1.6,1.5,1.5,,,
American Samoa,"Prevalence of current tobacco use, females (% of female adults)",SH.PRV.SMOK.FE,,,,,,,,,,,,,,,,,,,,,,,,,,,,,,,,,,,,,,,,,,,,,,,,,,,,,,,,,,,,,,,,
Antigua and Barbuda,"Prevalence of current tobacco use, females (% of female adults)",SH.PRV.SMOK.FE,,,,,,,,,,,,,,,,,,,,,,,,,,,,,,,,,,,,,,,,,,,,,,,,,,,,,,,,,,,,,,,,
Australia,"Prevalence of current tobacco use, females (% of female adults)",SH.PRV.SMOK.FE,,,,,,,,,,,,,,,,,,,,,,,,,,,,,,,,,,,,,,,,,22.2,,,,,18.9,,,,,16,,,,,13.5,,,12.2,11.9,11.5,,,
Austria,"Prevalence of current tobacco use, females (% of female adults)",SH.PRV.SMOK.FE,,,,,,,,,,,,,,,,,,,,,,,,,,,,,,,,,,,,,,,,,47.8,,,,,40.4,,,,,34.5,,,,,29.3,,,26.6,25.6,25,,,
Azerbaijan,"Prevalence of current tobacco use, females (% of female adults)",SH.PRV.SMOK.FE,,,,,,,,,,,,,,,,,,,,,,,,,,,,,,,,,,,,,,,,,0.3,,,,,0.3,,,,,0.2,,,,,0.2,,,0.1,0.1,0.1,,,
Burundi,"Prevalence of current tobacco use, females (% of female adults)",SH.PRV.SMOK.FE,,,,,,,,,,,,,,,,,,,,,,,,,,,,,,,,,,,,,,,,,16.4,,,,,12.7,,,,,9.9,,,,,7.8,,,6.7,6.4,6.1,,,
Belgium,"Prevalence of current tobacco use, females (% of female adults)",SH.PRV.SMOK.FE,,,,,,,,,,,,,,,,,,,,,,,,,,,,,,,,,,,,,,,,,27.7,,,,,25.9,,,,,24.1,,,,,22.5,,,21.6,21.4,21,,,
Benin,"Prevalence of current tobacco use, females (% of female adults)",SH.PRV.SMOK.FE,,,,,,,,,,,,,,,,,,,,,,,,,,,,,,,,,,,,,,,,,5.1,,,,,4,,,,,3.1,,,,,2.4,,,2.1,2,1.9,,,
Burkina Faso,"Prevalence of current tobacco use, females (% of female adults)",SH.PRV.SMOK.FE,,,,,,,,,,,,,,,,,,,,,,,,,,,,,,,,,,,,,,,,,22.7,,,,,16.6,,,,,12.2,,,,,8.8,,,7.3,6.9,6.4,,,
Bangladesh,"Prevalence of current tobacco use, females (% of female adults)",SH.PRV.SMOK.FE,,,,,,,,,,,,,,,,,,,,,,,,,,,,,,,,,,,,,,,,,48.5,,,,,37.7,,,,,28.9,,,,,22.2,,,18.8,17.9,17.1,,,
Bulgaria,"Prevalence of current tobacco use, females (% of female adults)",SH.PRV.SMOK.FE,,,,,,,,,,,,,,,,,,,,,,,,,,,,,,,,,,,,,,,,,35.8,,,,,36.1,,,,,36.5,,,,,36.7,,,37,37.1,37.1,,,
Bahrain,"Prevalence of current tobacco use, females (% of female adults)",SH.PRV.SMOK.FE,,,,,,,,,,,,,,,,,,,,,,,,,,,,,,,,,,,,,,,,,8.1,,,,,7,,,,,6,,,,,5.2,,,4.8,4.6,4.5,,,
"Bahamas, The","Prevalence of current tobacco use, females (% of female adults)",SH.PRV.SMOK.FE,,,,,,,,,,,,,,,,,,,,,,,,,,,,,,,,,,,,,,,,,4.2,,,,,3.7,,,,,3.2,,,,,2.8,,,2.6,2.5,2.4,,,
Bosnia and Herzegovina,"Prevalence of current tobacco use, females (% of female adults)",SH.PRV.SMOK.FE,,,,,,,,,,,,,,,,,,,,,,,,,,,,,,,,,,,,,,,,,35,,,,,33.2,,,,,31.2,,,,,29.8,,,28.8,28.3,28,,,
Belarus,"Prevalence of current tobacco use, females (% of female adults)",SH.PRV.SMOK.FE,,,,,,,,,,,,,,,,,,,,,,,,,,,,,,,,,,,,,,,,,15.6,,,,,15.1,,,,,14.6,,,,,14,,,13.7,13.6,13.5,,,
Belize,"Prevalence of current tobacco use, females (% of female adults)",SH.PRV.SMOK.FE,,,,,,,,,,,,,,,,,,,,,,,,,,,,,,,,,,,,,,,,,3.5,,,,,2.9,,,,,2.5,,,,,2.1,,,1.9,1.9,1.8,,,
Bermuda,"Prevalence of current tobacco use, females (% of female adults)",SH.PRV.SMOK.FE,,,,,,,,,,,,,,,,,,,,,,,,,,,,,,,,,,,,,,,,,,,,,,,,,,,,,,,,,,,,,,,,
Bolivia,"Prevalence of current tobacco use, females (% of female adults)",SH.PRV.SMOK.FE,,,,,,,,,,,,,,,,,,,,,,,,,,,,,,,,,,,,,,,,,27.6,,,,,17.9,,,,,11.6,,,,,7.5,,,5.8,5.3,4.8,,,
Brazil,"Prevalence of current tobacco use, females (% of female adults)",SH.PRV.SMOK.FE,,,,,,,,,,,,,,,,,,,,,,,,,,,,,,,,,,,,,,,,,17.9,,,,,15.2,,,,,13,,,,,11,,,10.1,9.7,9.4,,,
Barbados,"Prevalence of current tobacco use, females (% of female adults)",SH.PRV.SMOK.FE,,,,,,,,,,,,,,,,,,,,,,,,,,,,,,,,,,,,,,,,,3.2,,,,,2.8,,,,,2.4,,,,,2.1,,,2,1.9,1.9,,,
Brunei Darussalam,"Prevalence of current tobacco use, females (% of female adults)",SH.PRV.SMOK.FE,,,,,,,,,,,,,,,,,,,,,,,,,,,,,,,,,,,,,,,,,4.7,,,,,4,,,,,3.3,,,,,2.8,,,2.5,2.4,2.3,,,
Bhutan,"Prevalence of current tobacco use, females (% of female adults)",SH.PRV.SMOK.FE,,,,,,,,,,,,,,,,,,,,,,,,,,,,,,,,,,,,,,,,,,,,,,,,,,,,,,,,,,,,,,,,
Botswana,"Prevalence of current tobacco use, females (% of female adults)",SH.PRV.SMOK.FE,,,,,,,,,,,,,,,,,,,,,,,,,,,,,,,,,,,,,,,,,27.6,,,,,20.4,,,,,15.2,,,,,11.2,,,9.3,8.9,8.3,,,
Central African Republic,"Prevalence of current tobacco use, females (% of female adults)",SH.PRV.SMOK.FE,,,,,,,,,,,,,,,,,,,,,,,,,,,,,,,,,,,,,,,,,,,,,,,,,,,,,,,,,,,,,,,,
Canada,"Prevalence of current tobacco use, females (% of female adults)",SH.PRV.SMOK.FE,,,,,,,,,,,,,,,,,,,,,,,,,,,,,,,,,,,,,,,,,26.4,,,,,21.1,,,,,17,,,,,13.5,,,11.8,11.3,10.7,,,
Central Europe and the Baltics,"Prevalence of current tobacco use, females (% of female adults)",SH.PRV.SMOK.FE,,,,,,,,,,,,,,,,,,,,,,,,,,,,,,,,,,,,,,,,,29.35091806,,,,,27.76497217,,,,,26.23323913,,,,,24.90042845,,,24.19693073,23.99085868,23.71673868,,,
Switzerland,"Prevalence of current tobacco use, females (% of female adults)",SH.PRV.SMOK.FE,,,,,,,,,,,,,,,,,,,,,,,,,,,,,,,,,,,,,,,,,23.7,,,,,23.5,,,,,23.3,,,,,23.1,,,23,23,22.9,,,
Channel Islands,"Prevalence of current tobacco use, females (% of female adults)",SH.PRV.SMOK.FE,,,,,,,,,,,,,,,,,,,,,,,,,,,,,,,,,,,,,,,,,,,,,,,,,,,,,,,,,,,,,,,,
Chile,"Prevalence of current tobacco use, females (% of female adults)",SH.PRV.SMOK.FE,,,,,,,,,,,,,,,,,,,,,,,,,,,,,,,,,,,,,,,,,42.4,,,,,37.9,,,,,33.9,,,,,30.2,,,28.1,27.5,26.8,,,
China,"Prevalence of current tobacco use, females (% of female adults)",SH.PRV.SMOK.FE,,,,,,,,,,,,,,,,,,,,,,,,,,,,,,,,,,,,,,,,,3.2,,,,,2.7,,,,,2.3,,,,,2,,,1.8,1.7,1.7,,,
Cote d'Ivoire,"Prevalence of current tobacco use, females (% of female adults)",SH.PRV.SMOK.FE,,,,,,,,,,,,,,,,,,,,,,,,,,,,,,,,,,,,,,,,,2.8,,,,,2.1,,,,,1.5,,,,,1.1,,,1,0.9,0.9,,,
Cameroon,"Prevalence of current tobacco use, females (% of female adults)",SH.PRV.SMOK.FE,,,,,,,,,,,,,,,,,,,,,,,,,,,,,,,,,,,,,,,,,4.2,,,,,3.2,,,,,2.4,,,,,1.9,,,1.6,1.5,1.4,,,
"Congo, Dem. Rep.","Prevalence of current tobacco use, females (% of female adults)",SH.PRV.SMOK.FE,,,,,,,,,,,,,,,,,,,,,,,,,,,,,,,,,,,,,,,,,8,,,,,6.2,,,,,4.8,,,,,3.8,,,3.2,3.1,2.9,,,
"Congo, Rep.","Prevalence of current tobacco use, females (% of female adults)",SH.PRV.SMOK.FE,,,,,,,,,,,,,,,,,,,,,,,,,,,,,,,,,,,,,,,,,5.6,,,,,4.4,,,,,3.4,,,,,2.7,,,2.3,2.2,2.1,,,
Colombia,"Prevalence of current tobacco use, females (% of female adults)",SH.PRV.SMOK.FE,,,,,,,,,,,,,,,,,,,,,,,,,,,,,,,,,,,,,,,,,8.1,,,,,7,,,,,6.1,,,,,5.3,,,4.8,4.7,4.6,,,
Comoros,"Prevalence of current tobacco use, females (% of female adults)",SH.PRV.SMOK.FE,,,,,,,,,,,,,,,,,,,,,,,,,,,,,,,,,,,,,,,,,37.9,,,,,27.8,,,,,20.5,,,,,15,,,12.5,11.7,11.1,,,
Cabo Verde,"Prevalence of current tobacco use, females (% of female adults)",SH.PRV.SMOK.FE,,,,,,,,,,,,,,,,,,,,,,,,,,,,,,,,,,,,,,,,,13.3,,,,,10.6,,,,,8.4,,,,,6.7,,,5.9,5.6,5.4,,,
Costa Rica,"Prevalence of current tobacco use, females (% of female adults)",SH.PRV.SMOK.FE,,,,,,,,,,,,,,,,,,,,,,,,,,,,,,,,,,,,,,,,,9.8,,,,,8.1,,,,,6.7,,,,,5.5,,,4.9,4.8,4.6,,,
Caribbean small states,"Prevalence of current tobacco use, females (% of female adults)",SH.PRV.SMOK.FE,,,,,,,,,,,,,,,,,,,,,,,,,,,,,,,,,,,,,,,,,,,,,,,,,,,,,,,,,,,,,,,,
Cuba,"Prevalence of current tobacco use, females (% of female adults)",SH.PRV.SMOK.FE,,,,,,,,,,,,,,,,,,,,,,,,,,,,,,,,,,,,,,,,,30.3,,,,,23.2,,,,,17.7,,,,,13.4,,,11.5,10.9,10.3,,,
Curacao,"Prevalence of current tobacco use, females (% of female adults)",SH.PRV.SMOK.FE,,,,,,,,,,,,,,,,,,,,,,,,,,,,,,,,,,,,,,,,,,,,,,,,,,,,,,,,,,,,,,,,
Cayman Islands,"Prevalence of current tobacco use, females (% of female adults)",SH.PRV.SMOK.FE,,,,,,,,,,,,,,,,,,,,,,,,,,,,,,,,,,,,,,,,,,,,,,,,,,,,,,,,,,,,,,,,
Cyprus,"Prevalence of current tobacco use, females (% of female adults)",SH.PRV.SMOK.FE,,,,,,,,,,,,,,,,,,,,,,,,,,,,,,,,,,,,,,,,,21.1,,,,,21.6,,,,,22.2,,,,,22.7,,,22.9,23.2,23.2,,,
Czechia,"Prevalence of current tobacco use, females (% of female adults)",SH.PRV.SMOK.FE,,,,,,,,,,,,,,,,,,,,,,,,,,,,,,,,,,,,,,,,,28.2,,,,,28,,,,,27.3,,,,,26.9,,,26.7,26.5,26.4,,,
Germany,"Prevalence of current tobacco use, females (% of female adults)",SH.PRV.SMOK.FE,,,,,,,,,,,,,,,,,,,,,,,,,,,,,,,,,,,,,,,,,31.6,,,,,28.3,,,,,25.1,,,,,22.3,,,20.9,20.4,19.9,,,
Djibouti,"Prevalence of current tobacco use, females (% of female adults)",SH.PRV.SMOK.FE,,,,,,,,,,,,,,,,,,,,,,,,,,,,,,,,,,,,,,,,,,,,,,,,,,,,,,,,,,,,,,,,
Dominica,"Prevalence of current tobacco use, females (% of female adults)",SH.PRV.SMOK.FE,,,,,,,,,,,,,,,,,,,,,,,,,,,,,,,,,,,,,,,,,,,,,,,,,,,,,,,,,,,,,,,,
Denmark,"Prevalence of current tobacco use, females (% of female adults)",SH.PRV.SMOK.FE,,,,,,,,,,,,,,,,,,,,,,,,,,,,,,,,,,,,,,,,,34.1,,,,,28.6,,,,,24.2,,,,,20.3,,,18.4,17.8,17.1,,,
Dominican Republic,"Prevalence of current tobacco use, females (% of female adults)",SH.PRV.SMOK.FE,,,,,,,,,,,,,,,,,,,,,,,,,,,,,,,,,,,,,,,,,16.2,,,,,13,,,,,10.2,,,,,8.2,,,7.1,6.8,6.5,,,
Algeria,"Prevalence of current tobacco use, females (% of female adults)",SH.PRV.SMOK.FE,,,,,,,,,,,,,,,,,,,,,,,,,,,,,,,,,,,,,,,,,1.9,,,,,1.5,,,,,1.2,,,,,0.9,,,0.8,0.7,0.7,,,
East Asia & Pacific (excluding high income),"Prevalence of current tobacco use, females (% of female adults)",SH.PRV.SMOK.FE,,,,,,,,,,,,,,,,,,,,,,,,,,,,,,,,,,,,,,,,,5.477567898,,,,,4.610355807,,,,,3.894152009,,,,,3.306805138,,,2.975679322,2.849168899,2.797881406,,,
Early-demographic dividend,"Prevalence of current tobacco use, females (% of female adults)",SH.PRV.SMOK.FE,,,,,,,,,,,,,,,,,,,,,,,,,,,,,,,,,,,,,,,,,26.28641233,,,,,20.59092959,,,,,15.98473942,,,,,12.47586611,,,10.75372581,10.24900391,9.797390754,,,
East Asia & Pacific,"Prevalence of current tobacco use, females (% of female adults)",SH.PRV.SMOK.FE,,,,,,,,,,,,,,,,,,,,,,,,,,,,,,,,,,,,,,,,,6.410519075,,,,,5.44627155,,,,,4.656973269,,,,,4.003326887,,,3.639326161,3.512681436,3.443235563,,,
Europe & Central Asia (excluding high income),"Prevalence of current tobacco use, females (% of female adults)",SH.PRV.SMOK.FE,,,,,,,,,,,,,,,,,,,,,,,,,,,,,,,,,,,,,,,,,12.86412194,,,,,12.60747137,,,,,12.36509037,,,,,12.33698683,,,12.35757233,12.39927957,12.42690989,,,
Europe & Central Asia,"Prevalence of current tobacco use, females (% of female adults)",SH.PRV.SMOK.FE,,,,,,,,,,,,,,,,,,,,,,,,,,,,,,,,,,,,,,,,,23.06549062,,,,,21.50350923,,,,,20.18950054,,,,,19.11568377,,,18.58576318,18.42650409,18.25279515,,,
Ecuador,"Prevalence of current tobacco use, females (% of female adults)",SH.PRV.SMOK.FE,,,,,,,,,,,,,,,,,,,,,,,,,,,,,,,,,,,,,,,,,7.6,,,,,6.5,,,,,5.6,,,,,4.8,,,4.4,4.3,4.2,,,
"Egypt, Arab Rep.","Prevalence of current tobacco use, females (% of female adults)",SH.PRV.SMOK.FE,,,,,,,,,,,,,,,,,,,,,,,,,,,,,,,,,,,,,,,,,1,,,,,0.8,,,,,0.7,,,,,0.5,,,0.5,0.4,0.4,,,
Euro area,"Prevalence of current tobacco use, females (% of female adults)",SH.PRV.SMOK.FE,,,,,,,,,,,,,,,,,,,,,,,,,,,,,,,,,,,,,,,,,28.44186925,,,,,27.1138341,,,,,25.83815824,,,,,24.74003906,,,24.21614282,24.06221834,23.83292843,,,
Eritrea,"Prevalence of current tobacco use, females (% of female adults)",SH.PRV.SMOK.FE,,,,,,,,,,,,,,,,,,,,,,,,,,,,,,,,,,,,,,,,,0.5,,,,,0.4,,,,,0.3,,,,,0.3,,,0.2,0.2,0.2,,,
Spain,"Prevalence of current tobacco use, females (% of female adults)",SH.PRV.SMOK.FE,,,,,,,,,,,,,,,,,,,,,,,,,,,,,,,,,,,,,,,,,29,,,,,28.5,,,,,27.9,,,,,27.3,,,27,26.9,26.7,,,
Estonia,"Prevalence of current tobacco use, females (% of female adults)",SH.PRV.SMOK.FE,,,,,,,,,,,,,,,,,,,,,,,,,,,,,,,,,,,,,,,,,30.1,,,,,28.2,,,,,26.4,,,,,24.7,,,23.7,23.5,23,,,
Ethiopia,"Prevalence of current tobacco use, females (% of female adults)",SH.PRV.SMOK.FE,,,,,,,,,,,,,,,,,,,,,,,,,,,,,,,,,,,,,,,,,2,,,,,1.8,,,,,1.6,,,,,1.5,,,1.4,1.4,1.3,,,
European Union,"Prevalence of current tobacco use, females (% of female adults)",SH.PRV.SMOK.FE,,,,,,,,,,,,,,,,,,,,,,,,,,,,,,,,,,,,,,,,,29.11557655,,,,,27.49016519,,,,,25.9557612,,,,,24.62505475,,,23.9679747,23.77243304,23.50127005,,,
Fragile and conflict affected situations,"Prevalence of current tobacco use, females (% of female adults)",SH.PRV.SMOK.FE,,,,,,,,,,,,,,,,,,,,,,,,,,,,,,,,,,,,,,,,,12.37359602,,,,,10.14877637,,,,,8.092137159,,,,,6.463483872,,,5.589601384,5.316743042,5.054529916,,,
Finland,"Prevalence of current tobacco use, females (% of female adults)",SH.PRV.SMOK.FE,,,,,,,,,,,,,,,,,,,,,,,,,,,,,,,,,,,,,,,,,24.7,,,,,22.2,,,,,20.1,,,,,18,,,17,16.6,16.3,,,
Fiji,"Prevalence of current tobacco use, females (% of female adults)",SH.PRV.SMOK.FE,,,,,,,,,,,,,,,,,,,,,,,,,,,,,,,,,,,,,,,,,15.2,,,,,13.8,,,,,12.6,,,,,11.5,,,10.9,10.6,10.5,,,
France,"Prevalence of current tobacco use, females (% of female adults)",SH.PRV.SMOK.FE,,,,,,,,,,,,,,,,,,,,,,,,,,,,,,,,,,,,,,,,,29.8,,,,,30.5,,,,,30.9,,,,,31.4,,,31.7,31.9,31.9,,,
Faroe Islands,"Prevalence of current tobacco use, females (% of female adults)",SH.PRV.SMOK.FE,,,,,,,,,,,,,,,,,,,,,,,,,,,,,,,,,,,,,,,,,,,,,,,,,,,,,,,,,,,,,,,,
"Micronesia, Fed. Sts.","Prevalence of current tobacco use, females (% of female adults)",SH.PRV.SMOK.FE,,,,,,,,,,,,,,,,,,,,,,,,,,,,,,,,,,,,,,,,,,,,,,,,,,,,,,,,,,,,,,,,
Gabon,"Prevalence of current tobacco use, females (% of female adults)",SH.PRV.SMOK.FE,,,,,,,,,,,,,,,,,,,,,,,,,,,,,,,,,,,,,,,,,,,,,,,,,,,,,,,,,,,,,,,,
United Kingdom,"Prevalence of current tobacco use, females (% of female adults)",SH.PRV.SMOK.FE,,,,,,,,,,,,,,,,,,,,,,,,,,,,,,,,,,,,,,,,,36.5,,,,,28.3,,,,,22.2,,,,,17.4,,,15,14.2,13.5,,,
Georgia,"Prevalence of current tobacco use, females (% of female adults)",SH.PRV.SMOK.FE,,,,,,,,,,,,,,,,,,,,,,,,,,,,,,,,,,,,,,,,,5.4,,,,,5.8,,,,,6.2,,,,,6.6,,,6.9,7,7.1,,,
Ghana,"Prevalence of current tobacco use, females (% of female adults)",SH.PRV.SMOK.FE,,,,,,,,,,,,,,,,,,,,,,,,,,,,,,,,,,,,,,,,,1.1,,,,,0.8,,,,,0.6,,,,,0.5,,,0.4,0.4,0.3,,,
Gibraltar,"Prevalence of current tobacco use, females (% of female adults)",SH.PRV.SMOK.FE,,,,,,,,,,,,,,,,,,,,,,,,,,,,,,,,,,,,,,,,,,,,,,,,,,,,,,,,,,,,,,,,
Guinea,"Prevalence of current tobacco use, females (% of female adults)",SH.PRV.SMOK.FE,,,,,,,,,,,,,,,,,,,,,,,,,,,,,,,,,,,,,,,,,,,,,,,,,,,,,,,,,,,,,,,,
"Gambia, The","Prevalence of current tobacco use, females (% of female adults)",SH.PRV.SMOK.FE,,,,,,,,,,,,,,,,,,,,,,,,,,,,,,,,,,,,,,,,,3.6,,,,,2.5,,,,,1.7,,,,,1.2,,,1,0.9,0.8,,,
Guinea-Bissau,"Prevalence of current tobacco use, females (% of female adults)",SH.PRV.SMOK.FE,,,,,,,,,,,,,,,,,,,,,,,,,,,,,,,,,,,,,,,,,2,,,,,1.6,,,,,1.4,,,,,1.1,,,1,0.9,0.9,,,
Equatorial Guinea,"Prevalence of current tobacco use, females (% of female adults)",SH.PRV.SMOK.FE,,,,,,,,,,,,,,,,,,,,,,,,,,,,,,,,,,,,,,,,,,,,,,,,,,,,,,,,,,,,,,,,
Greece,"Prevalence of current tobacco use, females (% of female adults)",SH.PRV.SMOK.FE,,,,,,,,,,,,,,,,,,,,,,,,,,,,,,,,,,,,,,,,,43.8,,,,,40,,,,,36.7,,,,,33.5,,,31.9,31.2,30.5,,,
Grenada,"Prevalence of current tobacco use, females (% of female adults)",SH.PRV.SMOK.FE,,,,,,,,,,,,,,,,,,,,,,,,,,,,,,,,,,,,,,,,,,,,,,,,,,,,,,,,,,,,,,,,
Greenland,"Prevalence of current tobacco use, females (% of female adults)",SH.PRV.SMOK.FE,,,,,,,,,,,,,,,,,,,,,,,,,,,,,,,,,,,,,,,,,,,,,,,,,,,,,,,,,,,,,,,,
Guatemala,"Prevalence of current tobacco use, females (% of female adults)",SH.PRV.SMOK.FE,,,,,,,,,,,,,,,,,,,,,,,,,,,,,,,,,,,,,,,,,3.3,,,,,2.8,,,,,2.3,,,,,1.9,,,1.7,1.6,1.6,,,
Guam,"Prevalence of current tobacco use, females (% of female adults)",SH.PRV.SMOK.FE,,,,,,,,,,,,,,,,,,,,,,,,,,,,,,,,,,,,,,,,,,,,,,,,,,,,,,,,,,,,,,,,
Guyana,"Prevalence of current tobacco use, females (% of female adults)",SH.PRV.SMOK.FE,,,,,,,,,,,,,,,,,,,,,,,,,,,,,,,,,,,,,,,,,5.5,,,,,4.5,,,,,3.6,,,,,2.9,,,2.6,2.5,2.4,,,
High income,"Prevalence of current tobacco use, females (% of female adults)",SH.PRV.SMOK.FE,,,,,,,,,,,,,,,,,,,,,,,,,,,,,,,,,,,,,,,,,23.95337302,,,,,21.84019673,,,,,19.98123457,,,,,18.35055796,,,17.47151076,17.18576264,16.92763754,,,
"Hong Kong SAR, China","Prevalence of current tobacco use, females (% of female adults)",SH.PRV.SMOK.FE,,,,,,,,,,,,,,,,,,,,,,,,,,,,,,,,,,,,,,,,,,,,,,,,,,,,,,,,,,,,,,,,
Honduras,"Prevalence of current tobacco use, females (% of female adults)",SH.PRV.SMOK.FE,,,,,,,,,,,,,,,,,,,,,,,,,,,,,,,,,,,,,,,,,,,,,,,,,,,,,,,,,,,,,,,,
Heavily indebted poor countries (HIPC),"Prevalence of current tobacco use, females (% of female adults)",SH.PRV.SMOK.FE,,,,,,,,,,,,,,,,,,,,,,,,,,,,,,,,,,,,,,,,,9.267393557,,,,,7.147210623,,,,,5.505374681,,,,,4.308345334,,,3.700736153,3.533424931,3.342599449,,,
Croatia,"Prevalence of current tobacco use, females (% of female adults)",SH.PRV.SMOK.FE,,,,,,,,,,,,,,,,,,,,,,,,,,,,,,,,,,,,,,,,,27.1,,,,,29.2,,,,,31.3,,,,,33.7,,,34.9,35.6,36.1,,,
Haiti,"Prevalence of current tobacco use, females (% of female adults)",SH.PRV.SMOK.FE,,,,,,,,,,,,,,,,,,,,,,,,,,,,,,,,,,,,,,,,,6.3,,,,,5.3,,,,,4.4,,,,,3.7,,,3.4,3.2,3.1,,,
Hungary,"Prevalence of current tobacco use, females (% of female adults)",SH.PRV.SMOK.FE,,,,,,,,,,,,,,,,,,,,,,,,,,,,,,,,,,,,,,,,,31.6,,,,,30.5,,,,,29.7,,,,,28.7,,,28,28,27.8,,,
IBRD only,"Prevalence of current tobacco use, females (% of female adults)",SH.PRV.SMOK.FE,,,,,,,,,,,,,,,,,,,,,,,,,,,,,,,,,,,,,,,,,15.66040572,,,,,12.79354972,,,,,10.52845284,,,,,8.729560063,,,7.793651954,7.494080486,7.259073712,,,
IDA & IBRD total,"Prevalence of current tobacco use, females (% of female adults)",SH.PRV.SMOK.FE,,,,,,,,,,,,,,,,,,,,,,,,,,,,,,,,,,,,,,,,,16.17737947,,,,,13.10099163,,,,,10.61416802,,,,,8.651908108,,,7.641101926,7.324519301,7.062497675,,,
IDA total,"Prevalence of current tobacco use, females (% of female adults)",SH.PRV.SMOK.FE,,,,,,,,,,,,,,,,,,,,,,,,,,,,,,,,,,,,,,,,,18.60820807,,,,,14.48221311,,,,,10.97707018,,,,,8.344340381,,,7.06334786,6.692157208,6.341138478,,,
IDA blend,"Prevalence of current tobacco use, females (% of female adults)",SH.PRV.SMOK.FE,,,,,,,,,,,,,,,,,,,,,,,,,,,,,,,,,,,,,,,,,10.73420287,,,,,8.479913656,,,,,6.682557158,,,,,5.170967024,,,4.464091165,4.239518465,4.039434408,,,
Indonesia,"Prevalence of current tobacco use, females (% of female adults)",SH.PRV.SMOK.FE,,,,,,,,,,,,,,,,,,,,,,,,,,,,,,,,,,,,,,,,,6.9,,,,,5.9,,,,,5.1,,,,,4.3,,,3.9,3.8,3.7,,,
IDA only,"Prevalence of current tobacco use, females (% of female adults)",SH.PRV.SMOK.FE,,,,,,,,,,,,,,,,,,,,,,,,,,,,,,,,,,,,,,,,,22.98326331,,,,,17.83579613,,,,,13.39341496,,,,,10.09654093,,,8.482865783,8.028497352,7.592781755,,,
Isle of Man,"Prevalence of current tobacco use, females (% of female adults)",SH.PRV.SMOK.FE,,,,,,,,,,,,,,,,,,,,,,,,,,,,,,,,,,,,,,,,,,,,,,,,,,,,,,,,,,,,,,,,
India,"Prevalence of current tobacco use, females (% of female adults)",SH.PRV.SMOK.FE,,,,,,,,,,,,,,,,,,,,,,,,,,,,,,,,,,,,,,,,,39,,,,,29.9,,,,,22.7,,,,,17.2,,,14.5,13.7,13,,,
Not classified,"Prevalence of current tobacco use, females (% of female adults)",SH.PRV.SMOK.FE,,,,,,,,,,,,,,,,,,,,,,,,,,,,,,,,,,,,,,,,,,,,,,,,,,,,,,,,,,,,,,,,
Ireland,"Prevalence of current tobacco use, females (% of female adults)",SH.PRV.SMOK.FE,,,,,,,,,,,,,,,,,,,,,,,,,,,,,,,,,,,,,,,,,35.9,,,,,30.9,,,,,26.1,,,,,22.3,,,20.3,19.7,19,,,
"Iran, Islamic Rep.","Prevalence of current tobacco use, females (% of female adults)",SH.PRV.SMOK.FE,,,,,,,,,,,,,,,,,,,,,,,,,,,,,,,,,,,,,,,,,8.1,,,,,6.4,,,,,5,,,,,4,,,3.4,3.3,3.1,,,
Iraq,"Prevalence of current tobacco use, females (% of female adults)",SH.PRV.SMOK.FE,,,,,,,,,,,,,,,,,,,,,,,,,,,,,,,,,,,,,,,,,7.1,,,,,5.1,,,,,3.6,,,,,2.6,,,2.1,2,1.8,,,
Iceland,"Prevalence of current tobacco use, females (% of female adults)",SH.PRV.SMOK.FE,,,,,,,,,,,,,,,,,,,,,,,,,,,,,,,,,,,,,,,,,27.6,,,,,22.4,,,,,18.2,,,,,14.9,,,13.1,12.5,12,,,
Israel,"Prevalence of current tobacco use, females (% of female adults)",SH.PRV.SMOK.FE,,,,,,,,,,,,,,,,,,,,,,,,,,,,,,,,,,,,,,,,,24.2,,,,,20.9,,,,,18,,,,,15.4,,,14.2,13.9,13.5,,,
Italy,"Prevalence of current tobacco use, females (% of female adults)",SH.PRV.SMOK.FE,,,,,,,,,,,,,,,,,,,,,,,,,,,,,,,,,,,,,,,,,19.7,,,,,19.6,,,,,19.6,,,,,19.6,,,19.6,19.6,19.5,,,
Jamaica,"Prevalence of current tobacco use, females (% of female adults)",SH.PRV.SMOK.FE,,,,,,,,,,,,,,,,,,,,,,,,,,,,,,,,,,,,,,,,,8.1,,,,,6.7,,,,,5.5,,,,,4.6,,,4.1,3.9,3.8,,,
Jordan,"Prevalence of current tobacco use, females (% of female adults)",SH.PRV.SMOK.FE,,,,,,,,,,,,,,,,,,,,,,,,,,,,,,,,,,,,,,,,,10.1,,,,,10.8,,,,,11.4,,,,,12.1,,,12.6,12.7,12.8,,,
Japan,"Prevalence of current tobacco use, females (% of female adults)",SH.PRV.SMOK.FE,,,,,,,,,,,,,,,,,,,,,,,,,,,,,,,,,,,,,,,,,14.5,,,,,13.2,,,,,12,,,,,10.9,,,10.3,10.2,10,,,
Kazakhstan,"Prevalence of current tobacco use, females (% of female adults)",SH.PRV.SMOK.FE,,,,,,,,,,,,,,,,,,,,,,,,,,,,,,,,,,,,,,,,,11.2,,,,,9.8,,,,,8.6,,,,,7.6,,,7.1,6.9,6.7,,,
Kenya,"Prevalence of current tobacco use, females (% of female adults)",SH.PRV.SMOK.FE,,,,,,,,,,,,,,,,,,,,,,,,,,,,,,,,,,,,,,,,,6.1,,,,,5,,,,,4.1,,,,,3.3,,,3,2.9,2.7,,,
Kyrgyz Republic,"Prevalence of current tobacco use, females (% of female adults)",SH.PRV.SMOK.FE,,,,,,,,,,,,,,,,,,,,,,,,,,,,,,,,,,,,,,,,,5,,,,,4.4,,,,,4,,,,,3.6,,,3.4,3.3,2.8,,,
Cambodia,"Prevalence of current tobacco use, females (% of female adults)",SH.PRV.SMOK.FE,,,,,,,,,,,,,,,,,,,,,,,,,,,,,,,,,,,,,,,,,19.3,,,,,14.4,,,,,10.7,,,,,8,,,6.7,6.3,6,,,
Kiribati,"Prevalence of current tobacco use, females (% of female adults)",SH.PRV.SMOK.FE,,,,,,,,,,,,,,,,,,,,,,,,,,,,,,,,,,,,,,,,,53.9,,,,,45.9,,,,,38.4,,,,,32.3,,,29.1,28.2,27.3,,,
St. Kitts and Nevis,"Prevalence of current tobacco use, females (% of female adults)",SH.PRV.SMOK.FE,,,,,,,,,,,,,,,,,,,,,,,,,,,,,,,,,,,,,,,,,,,,,,,,,,,,,,,,,,,,,,,,
"Korea, Rep.","Prevalence of current tobacco use, females (% of female adults)",SH.PRV.SMOK.FE,,,,,,,,,,,,,,,,,,,,,,,,,,,,,,,,,,,,,,,,,7.1,,,,,6.7,,,,,6.4,,,,,6.2,,,6,6,5.9,,,
Kuwait,"Prevalence of current tobacco use, females (% of female adults)",SH.PRV.SMOK.FE,,,,,,,,,,,,,,,,,,,,,,,,,,,,,,,,,,,,,,,,,4.2,,,,,3.6,,,,,3.1,,,,,2.6,,,2.4,2.3,2.2,,,
Latin America & Caribbean (excluding high income),"Prevalence of current tobacco use, females (% of female adults)",SH.PRV.SMOK.FE,,,,,,,,,,,,,,,,,,,,,,,,,,,,,,,,,,,,,,,,,15.99070737,,,,,13.31348962,,,,,11.1771965,,,,,9.369990633,,,8.481142676,8.173572512,7.921220595,,,
Lao PDR,"Prevalence of current tobacco use, females (% of female adults)",SH.PRV.SMOK.FE,,,,,,,,,,,,,,,,,,,,,,,,,,,,,,,,,,,,,,,,,28.9,,,,,22.3,,,,,17.3,,,,,13.3,,,11.5,10.9,10.3,,,
Lebanon,"Prevalence of current tobacco use, females (% of female adults)",SH.PRV.SMOK.FE,,,,,,,,,,,,,,,,,,,,,,,,,,,,,,,,,,,,,,,,,34.6,,,,,33.1,,,,,31.7,,,,,30.2,,,29.4,29.2,28.9,,,
Liberia,"Prevalence of current tobacco use, females (% of female adults)",SH.PRV.SMOK.FE,,,,,,,,,,,,,,,,,,,,,,,,,,,,,,,,,,,,,,,,,6.2,,,,,4.6,,,,,3.5,,,,,2.6,,,2.2,2.1,2,,,
Libya,"Prevalence of current tobacco use, females (% of female adults)",SH.PRV.SMOK.FE,,,,,,,,,,,,,,,,,,,,,,,,,,,,,,,,,,,,,,,,,,,,,,,,,,,,,,,,,,,,,,,,
St. Lucia,"Prevalence of current tobacco use, females (% of female adults)",SH.PRV.SMOK.FE,,,,,,,,,,,,,,,,,,,,,,,,,,,,,,,,,,,,,,,,,,,,,,,,,,,,,,,,,,,,,,,,
Latin America & Caribbean,"Prevalence of current tobacco use, females (% of female adults)",SH.PRV.SMOK.FE,,,,,,,,,,,,,,,,,,,,,,,,,,,,,,,,,,,,,,,,,16.90086117,,,,,14.15798721,,,,,11.95751163,,,,,10.07768557,,,9.153455772,8.839493193,8.573887113,,,
Least developed countries: UN classification,"Prevalence of current tobacco use, females (% of female adults)",SH.PRV.SMOK.FE,,,,,,,,,,,,,,,,,,,,,,,,,,,,,,,,,,,,,,,,,25.06582712,,,,,19.42867875,,,,,14.56718744,,,,,10.94055542,,,9.176486834,8.682868721,8.21086563,,,
Low income,"Prevalence of current tobacco use, females (% of female adults)",SH.PRV.SMOK.FE,,,,,,,,,,,,,,,,,,,,,,,,,,,,,,,,,,,,,,,,,9.874952402,,,,,7.804166284,,,,,6.150248777,,,,,4.901184338,,,4.255724017,4.074088499,3.868094764,,,
Liechtenstein,"Prevalence of current tobacco use, females (% of female adults)",SH.PRV.SMOK.FE,,,,,,,,,,,,,,,,,,,,,,,,,,,,,,,,,,,,,,,,,,,,,,,,,,,,,,,,,,,,,,,,
Sri Lanka,"Prevalence of current tobacco use, females (% of female adults)",SH.PRV.SMOK.FE,,,,,,,,,,,,,,,,,,,,,,,,,,,,,,,,,,,,,,,,,8.6,,,,,6.4,,,,,4.7,,,,,3.5,,,2.9,2.7,2.6,,,
Lower middle income,"Prevalence of current tobacco use, females (% of female adults)",SH.PRV.SMOK.FE,,,,,,,,,,,,,,,,,,,,,,,,,,,,,,,,,,,,,,,,,28.49886915,,,,,21.9765756,,,,,16.71309698,,,,,12.72597294,,,10.76578762,10.18235635,9.668597211,,,
Low & middle income,"Prevalence of current tobacco use, females (% of female adults)",SH.PRV.SMOK.FE,,,,,,,,,,,,,,,,,,,,,,,,,,,,,,,,,,,,,,,,,15.90227773,,,,,12.72249845,,,,,10.17457735,,,,,8.184261054,,,7.167660705,6.849412761,6.58687095,,,
Lesotho,"Prevalence of current tobacco use, females (% of female adults)",SH.PRV.SMOK.FE,,,,,,,,,,,,,,,,,,,,,,,,,,,,,,,,,,,,,,,,,15.2,,,,,11.8,,,,,9.1,,,,,7,,,6.1,5.7,5.4,,,
Late-demographic dividend,"Prevalence of current tobacco use, females (% of female adults)",SH.PRV.SMOK.FE,,,,,,,,,,,,,,,,,,,,,,,,,,,,,,,,,,,,,,,,,7.174731372,,,,,6.264893547,,,,,5.545389078,,,,,4.960842158,,,4.621344645,4.483918327,4.420933587,,,
Lithuania,"Prevalence of current tobacco use, females (% of female adults)",SH.PRV.SMOK.FE,,,,,,,,,,,,,,,,,,,,,,,,,,,,,,,,,,,,,,,,,24.8,,,,,24.1,,,,,23.2,,,,,22.4,,,21.9,21.8,21.8,,,
Luxembourg,"Prevalence of current tobacco use, females (% of female adults)",SH.PRV.SMOK.FE,,,,,,,,,,,,,,,,,,,,,,,,,,,,,,,,,,,,,,,,,25.5,,,,,23.8,,,,,22.5,,,,,21.1,,,20.3,20.1,19.8,,,
Latvia,"Prevalence of current tobacco use, females (% of female adults)",SH.PRV.SMOK.FE,,,,,,,,,,,,,,,,,,,,,,,,,,,,,,,,,,,,,,,,,26.3,,,,,25.7,,,,,25.1,,,,,24.4,,,23.8,23.8,23.7,,,
"Macao SAR, China","Prevalence of current tobacco use, females (% of female adults)",SH.PRV.SMOK.FE,,,,,,,,,,,,,,,,,,,,,,,,,,,,,,,,,,,,,,,,,,,,,,,,,,,,,,,,,,,,,,,,
St. Martin (French part),"Prevalence of current tobacco use, females (% of female adults)",SH.PRV.SMOK.FE,,,,,,,,,,,,,,,,,,,,,,,,,,,,,,,,,,,,,,,,,,,,,,,,,,,,,,,,,,,,,,,,
Morocco,"Prevalence of current tobacco use, females (% of female adults)",SH.PRV.SMOK.FE,,,,,,,,,,,,,,,,,,,,,,,,,,,,,,,,,,,,,,,,,2.1,,,,,1.7,,,,,1.3,,,,,1,,,0.9,0.9,0.8,,,
Monaco,"Prevalence of current tobacco use, females (% of female adults)",SH.PRV.SMOK.FE,,,,,,,,,,,,,,,,,,,,,,,,,,,,,,,,,,,,,,,,,,,,,,,,,,,,,,,,,,,,,,,,
Moldova,"Prevalence of current tobacco use, females (% of female adults)",SH.PRV.SMOK.FE,,,,,,,,,,,,,,,,,,,,,,,,,,,,,,,,,,,,,,,,,5.3,,,,,5.5,,,,,5.8,,,,,6,,,6.1,6.2,6.2,,,
Madagascar,"Prevalence of current tobacco use, females (% of female adults)",SH.PRV.SMOK.FE,,,,,,,,,,,,,,,,,,,,,,,,,,,,,,,,,,,,,,,,,35.2,,,,,27.4,,,,,21.3,,,,,16.5,,,14.2,13.5,12.8,,,
Maldives,"Prevalence of current tobacco use, females (% of female adults)",SH.PRV.SMOK.FE,,,,,,,,,,,,,,,,,,,,,,,,,,,,,,,,,,,,,,,,,19.4,,,,,14.4,,,,,10.7,,,,,8,,,6.7,6.4,6,,,
Middle East & North Africa,"Prevalence of current tobacco use, females (% of female adults)",SH.PRV.SMOK.FE,,,,,,,,,,,,,,,,,,,,,,,,,,,,,,,,,,,,,,,,,5.804156956,,,,,4.817018018,,,,,4.044765344,,,,,3.509375368,,,3.159044162,3.04872956,2.932502129,,,
Mexico,"Prevalence of current tobacco use, females (% of female adults)",SH.PRV.SMOK.FE,,,,,,,,,,,,,,,,,,,,,,,,,,,,,,,,,,,,,,,,,12.8,,,,,10.6,,,,,8.9,,,,,7.4,,,6.6,6.4,6.2,,,
Marshall Islands,"Prevalence of current tobacco use, females (% of female adults)",SH.PRV.SMOK.FE,,,,,,,,,,,,,,,,,,,,,,,,,,,,,,,,,,,,,,,,,9.8,,,,,9.4,,,,,9,,,,,8.6,,,8.4,8.3,8.3,,,
Middle income,"Prevalence of current tobacco use, females (% of female adults)",SH.PRV.SMOK.FE,,,,,,,,,,,,,,,,,,,,,,,,,,,,,,,,,,,,,,,,,16.26233343,,,,,13.02967196,,,,,10.44330734,,,,,8.422932011,,,7.39091908,7.066050807,6.803027307,,,
North Macedonia,"Prevalence of current tobacco use, females (% of female adults)",SH.PRV.SMOK.FE,,,,,,,,,,,,,,,,,,,,,,,,,,,,,,,,,,,,,,,,,,,,,,,,,,,,,,,,,,,,,,,,
Mali,"Prevalence of current tobacco use, females (% of female adults)",SH.PRV.SMOK.FE,,,,,,,,,,,,,,,,,,,,,,,,,,,,,,,,,,,,,,,,,4.2,,,,,3,,,,,2.1,,,,,1.5,,,1.2,1.1,1,,,
Malta,"Prevalence of current tobacco use, females (% of female adults)",SH.PRV.SMOK.FE,,,,,,,,,,,,,,,,,,,,,,,,,,,,,,,,,,,,,,,,,26.4,,,,,25.3,,,,,23.9,,,,,22.8,,,22.1,21.8,21.6,,,
Myanmar,"Prevalence of current tobacco use, females (% of female adults)",SH.PRV.SMOK.FE,,,,,,,,,,,,,,,,,,,,,,,,,,,,,,,,,,,,,,,,,50,,,,,41.8,,,,,33.1,,,,,25.6,,,22,20.8,19.7,,,
Middle East & North Africa (excluding high income),"Prevalence of current tobacco use, females (% of female adults)",SH.PRV.SMOK.FE,,,,,,,,,,,,,,,,,,,,,,,,,,,,,,,,,,,,,,,,,5.438284395,,,,,4.502757668,,,,,3.781023971,,,,,3.304509408,,,2.960994348,2.845756051,2.733425993,,,
Montenegro,"Prevalence of current tobacco use, females (% of female adults)",SH.PRV.SMOK.FE,,,,,,,,,,,,,,,,,,,,,,,,,,,,,,,,,,,,,,,,,33.9,,,,,33.3,,,,,32.6,,,,,31.9,,,31.4,31.3,31.1,,,
Mongolia,"Prevalence of current tobacco use, females (% of female adults)",SH.PRV.SMOK.FE,,,,,,,,,,,,,,,,,,,,,,,,,,,,,,,,,,,,,,,,,8.9,,,,,8.4,,,,,7.9,,,,,7.5,,,7.3,7.2,7.1,,,
Northern Mariana Islands,"Prevalence of current tobacco use, females (% of female adults)",SH.PRV.SMOK.FE,,,,,,,,,,,,,,,,,,,,,,,,,,,,,,,,,,,,,,,,,,,,,,,,,,,,,,,,,,,,,,,,
Mozambique,"Prevalence of current tobacco use, females (% of female adults)",SH.PRV.SMOK.FE,,,,,,,,,,,,,,,,,,,,,,,,,,,,,,,,,,,,,,,,,15,,,,,11.8,,,,,9.2,,,,,7.2,,,6.2,5.9,5.6,,,
Mauritania,"Prevalence of current tobacco use, females (% of female adults)",SH.PRV.SMOK.FE,,,,,,,,,,,,,,,,,,,,,,,,,,,,,,,,,,,,,,,,,6.9,,,,,5.1,,,,,3.8,,,,,2.8,,,2.4,2.2,2.1,,,
Mauritius,"Prevalence of current tobacco use, females (% of female adults)",SH.PRV.SMOK.FE,,,,,,,,,,,,,,,,,,,,,,,,,,,,,,,,,,,,,,,,,4.8,,,,,4.2,,,,,3.8,,,,,3.4,,,3.1,3.1,3,,,
Malawi,"Prevalence of current tobacco use, females (% of female adults)",SH.PRV.SMOK.FE,,,,,,,,,,,,,,,,,,,,,,,,,,,,,,,,,,,,,,,,,12.8,,,,,9.5,,,,,7.2,,,,,5.4,,,4.6,4.3,4.1,,,
Malaysia,"Prevalence of current tobacco use, females (% of female adults)",SH.PRV.SMOK.FE,,,,,,,,,,,,,,,,,,,,,,,,,,,,,,,,,,,,,,,,,4.1,,,,,3,,,,,2.2,,,,,1.6,,,1.3,1.2,1.1,,,
North America,"Prevalence of current tobacco use, females (% of female adults)",SH.PRV.SMOK.FE,,,,,,,,,,,,,,,,,,,,,,,,,,,,,,,,,,,,,,,,,26.94008073,,,,,23.88734993,,,,,21.31051547,,,,,18.97149206,,,17.61993771,17.11425241,16.78279273,,,
Namibia,"Prevalence of current tobacco use, females (% of female adults)",SH.PRV.SMOK.FE,,,,,,,,,,,,,,,,,,,,,,,,,,,,,,,,,,,,,,,,,18,,,,,13.7,,,,,10.4,,,,,7.9,,,6.7,6.3,6,,,
New Caledonia,"Prevalence of current tobacco use, females (% of female adults)",SH.PRV.SMOK.FE,,,,,,,,,,,,,,,,,,,,,,,,,,,,,,,,,,,,,,,,,,,,,,,,,,,,,,,,,,,,,,,,
Niger,"Prevalence of current tobacco use, females (% of female adults)",SH.PRV.SMOK.FE,,,,,,,,,,,,,,,,,,,,,,,,,,,,,,,,,,,,,,,,,2.9,,,,,2.3,,,,,1.8,,,,,1.4,,,1.2,1.2,1.1,,,
Nigeria,"Prevalence of current tobacco use, females (% of female adults)",SH.PRV.SMOK.FE,,,,,,,,,,,,,,,,,,,,,,,,,,,,,,,,,,,,,,,,,1.9,,,,,1.4,,,,,1,,,,,0.7,,,0.6,0.5,0.5,,,
Nicaragua,"Prevalence of current tobacco use, females (% of female adults)",SH.PRV.SMOK.FE,,,,,,,,,,,,,,,,,,,,,,,,,,,,,,,,,,,,,,,,,,,,,,,,,,,,,,,,,,,,,,,,
Netherlands,"Prevalence of current tobacco use, females (% of female adults)",SH.PRV.SMOK.FE,,,,,,,,,,,,,,,,,,,,,,,,,,,,,,,,,,,,,,,,,31.7,,,,,28.2,,,,,25,,,,,22.2,,,20.8,20.3,19.9,,,
Norway,"Prevalence of current tobacco use, females (% of female adults)",SH.PRV.SMOK.FE,,,,,,,,,,,,,,,,,,,,,,,,,,,,,,,,,,,,,,,,,43.3,,,,,33.5,,,,,25.8,,,,,19.7,,,17,16.2,15.4,,,
Nepal,"Prevalence of current tobacco use, females (% of female adults)",SH.PRV.SMOK.FE,,,,,,,,,,,,,,,,,,,,,,,,,,,,,,,,,,,,,,,,,54.9,,,,,40.8,,,,,27.7,,,,,18.7,,,14.8,13.8,12.8,,,
Nauru,"Prevalence of current tobacco use, females (% of female adults)",SH.PRV.SMOK.FE,,,,,,,,,,,,,,,,,,,,,,,,,,,,,,,,,,,,,,,,,69.4,,,,,63.6,,,,,58.3,,,,,53.6,,,50.7,49.9,49.1,,,
New Zealand,"Prevalence of current tobacco use, females (% of female adults)",SH.PRV.SMOK.FE,,,,,,,,,,,,,,,,,,,,,,,,,,,,,,,,,,,,,,,,,29.1,,,,,23.5,,,,,18.9,,,,,15.2,,,13.4,12.8,12.3,,,
OECD members,"Prevalence of current tobacco use, females (% of female adults)",SH.PRV.SMOK.FE,,,,,,,,,,,,,,,,,,,,,,,,,,,,,,,,,,,,,,,,,24.11718548,,,,,21.7272828,,,,,19.69007207,,,,,17.9086617,,,16.95809329,16.66380562,16.38317939,,,
Oman,"Prevalence of current tobacco use, females (% of female adults)",SH.PRV.SMOK.FE,,,,,,,,,,,,,,,,,,,,,,,,,,,,,,,,,,,,,,,,,0.7,,,,,0.6,,,,,0.5,,,,,0.4,,,0.4,0.4,0.4,,,
Other small states,"Prevalence of current tobacco use, females (% of female adults)",SH.PRV.SMOK.FE,,,,,,,,,,,,,,,,,,,,,,,,,,,,,,,,,,,,,,,,,19.28744648,,,,,17.11628245,,,,,15.24063789,,,,,13.74649466,,,12.92297408,12.73088304,12.46660311,,,
Pakistan,"Prevalence of current tobacco use, females (% of female adults)",SH.PRV.SMOK.FE,,,,,,,,,,,,,,,,,,,,,,,,,,,,,,,,,,,,,,,,,20.9,,,,,16.1,,,,,12.4,,,,,9.5,,,8.1,7.7,7.3,,,
Panama,"Prevalence of current tobacco use, females (% of female adults)",SH.PRV.SMOK.FE,,,,,,,,,,,,,,,,,,,,,,,,,,,,,,,,,,,,,,,,,4.9,,,,,4,,,,,3.3,,,,,2.7,,,2.4,2.3,2.2,,,
Peru,"Prevalence of current tobacco use, females (% of female adults)",SH.PRV.SMOK.FE,,,,,,,,,,,,,,,,,,,,,,,,,,,,,,,,,,,,,,,,,13,,,,,8.9,,,,,6.2,,,,,4.3,,,3.4,3.2,3,,,
Philippines,"Prevalence of current tobacco use, females (% of female adults)",SH.PRV.SMOK.FE,,,,,,,,,,,,,,,,,,,,,,,,,,,,,,,,,,,,,,,,,13,,,,,11,,,,,9.2,,,,,7.7,,,6.9,6.7,6.5,,,
Palau,"Prevalence of current tobacco use, females (% of female adults)",SH.PRV.SMOK.FE,,,,,,,,,,,,,,,,,,,,,,,,,,,,,,,,,,,,,,,,,13.7,,,,,12,,,,,10.5,,,,,9.1,,,8.4,8.1,7.9,,,
Papua New Guinea,"Prevalence of current tobacco use, females (% of female adults)",SH.PRV.SMOK.FE,,,,,,,,,,,,,,,,,,,,,,,,,,,,,,,,,,,,,,,,,36.7,,,,,33.2,,,,,30.2,,,,,27.5,,,26.1,25.6,25.1,,,
Poland,"Prevalence of current tobacco use, females (% of female adults)",SH.PRV.SMOK.FE,,,,,,,,,,,,,,,,,,,,,,,,,,,,,,,,,,,,,,,,,33.6,,,,,29.6,,,,,25.9,,,,,22.8,,,21.2,20.7,20.1,,,
Pre-demographic dividend,"Prevalence of current tobacco use, females (% of female adults)",SH.PRV.SMOK.FE,,,,,,,,,,,,,,,,,,,,,,,,,,,,,,,,,,,,,,,,,7.982173364,,,,,6.187997055,,,,,4.781018458,,,,,3.724614251,,,3.204699544,3.042391111,2.885835766,,,
Puerto Rico,"Prevalence of current tobacco use, females (% of female adults)",SH.PRV.SMOK.FE,,,,,,,,,,,,,,,,,,,,,,,,,,,,,,,,,,,,,,,,,,,,,,,,,,,,,,,,,,,,,,,,
"Korea, Dem. People's Rep.","Prevalence of current tobacco use, females (% of female adults)",SH.PRV.SMOK.FE,,,,,,,,,,,,,,,,,,,,,,,,,,,,,,,,,,,,,,,,,0,,,,,0,,,,,0,,,,,0,,,0,0,0,,,
Portugal,"Prevalence of current tobacco use, females (% of female adults)",SH.PRV.SMOK.FE,,,,,,,,,,,,,,,,,,,,,,,,,,,,,,,,,,,,,,,,,14.9,,,,,16.1,,,,,17.4,,,,,18.7,,,19.7,20,20.2,,,
Paraguay,"Prevalence of current tobacco use, females (% of female adults)",SH.PRV.SMOK.FE,,,,,,,,,,,,,,,,,,,,,,,,,,,,,,,,,,,,,,,,,14.2,,,,,10.6,,,,,7.9,,,,,5.9,,,5,4.7,4.4,,,
West Bank and Gaza,"Prevalence of current tobacco use, females (% of female adults)",SH.PRV.SMOK.FE,,,,,,,,,,,,,,,,,,,,,,,,,,,,,,,,,,,,,,,,,,,,,,,,,,,,,,,,,,,,,,,,
Pacific island small states,"Prevalence of current tobacco use, females (% of female adults)",SH.PRV.SMOK.FE,,,,,,,,,,,,,,,,,,,,,,,,,,,,,,,,,,,,,,,,,19.21831177,,,,,17.43654381,,,,,15.90932943,,,,,14.61153427,,,13.89085036,13.63090884,13.41183024,,,
Post-demographic dividend,"Prevalence of current tobacco use, females (% of female adults)",SH.PRV.SMOK.FE,,,,,,,,,,,,,,,,,,,,,,,,,,,,,,,,,,,,,,,,,24.94842162,,,,,22.6337257,,,,,20.62899425,,,,,18.86409797,,,17.91061633,17.60034434,17.3108286,,,
French Polynesia,"Prevalence of current tobacco use, females (% of female adults)",SH.PRV.SMOK.FE,,,,,,,,,,,,,,,,,,,,,,,,,,,,,,,,,,,,,,,,,,,,,,,,,,,,,,,,,,,,,,,,
Qatar,"Prevalence of current tobacco use, females (% of female adults)",SH.PRV.SMOK.FE,,,,,,,,,,,,,,,,,,,,,,,,,,,,,,,,,,,,,,,,,3.4,,,,,2.9,,,,,2.5,,,,,2.2,,,2,2,1.9,,,
Romania,"Prevalence of current tobacco use, females (% of female adults)",SH.PRV.SMOK.FE,,,,,,,,,,,,,,,,,,,,,,,,,,,,,,,,,,,,,,,,,23.3,,,,,22.5,,,,,21.6,,,,,20.8,,,20.4,20.2,20,,,
Russian Federation,"Prevalence of current tobacco use, females (% of female adults)",SH.PRV.SMOK.FE,,,,,,,,,,,,,,,,,,,,,,,,,,,,,,,,,,,,,,,,,12.5,,,,,12.5,,,,,12.6,,,,,12.7,,,12.7,12.7,12.8,,,
Rwanda,"Prevalence of current tobacco use, females (% of female adults)",SH.PRV.SMOK.FE,,,,,,,,,,,,,,,,,,,,,,,,,,,,,,,,,,,,,,,,,14.9,,,,,12.4,,,,,10.3,,,,,8.6,,,7.7,7.4,7.2,,,
South Asia,"Prevalence of current tobacco use, females (% of female adults)",SH.PRV.SMOK.FE,,,,,,,,,,,,,,,,,,,,,,,,,,,,,,,,,,,,,,,,,37.63420365,,,,,28.84556084,,,,,21.85034208,,,,,16.56344461,,,13.96742274,13.20839915,12.5363221,,,
Saudi Arabia,"Prevalence of current tobacco use, females (% of female adults)",SH.PRV.SMOK.FE,,,,,,,,,,,,,,,,,,,,,,,,,,,,,,,,,,,,,,,,,3.5,,,,,3,,,,,2.7,,,,,2.3,,,2.1,2.1,2,,,
Sudan,"Prevalence of current tobacco use, females (% of female adults)",SH.PRV.SMOK.FE,,,,,,,,,,,,,,,,,,,,,,,,,,,,,,,,,,,,,,,,,,,,,,,,,,,,,,,,,,,,,,,,
Senegal,"Prevalence of current tobacco use, females (% of female adults)",SH.PRV.SMOK.FE,,,,,,,,,,,,,,,,,,,,,,,,,,,,,,,,,,,,,,,,,1.8,,,,,1.4,,,,,1.1,,,,,0.9,,,0.7,0.7,0.7,,,
Singapore,"Prevalence of current tobacco use, females (% of female adults)",SH.PRV.SMOK.FE,,,,,,,,,,,,,,,,,,,,,,,,,,,,,,,,,,,,,,,,,5.8,,,,,5.6,,,,,5.4,,,,,5.2,,,5.1,5,5,,,
Solomon Islands,"Prevalence of current tobacco use, females (% of female adults)",SH.PRV.SMOK.FE,,,,,,,,,,,,,,,,,,,,,,,,,,,,,,,,,,,,,,,,,26.7,,,,,24.5,,,,,22.6,,,,,20.9,,,19.9,19.6,19.2,,,
Sierra Leone,"Prevalence of current tobacco use, females (% of female adults)",SH.PRV.SMOK.FE,,,,,,,,,,,,,,,,,,,,,,,,,,,,,,,,,,,,,,,,,23,,,,,16.7,,,,,12.2,,,,,8.8,,,7.3,6.8,6.4,,,
El Salvador,"Prevalence of current tobacco use, females (% of female adults)",SH.PRV.SMOK.FE,,,,,,,,,,,,,,,,,,,,,,,,,,,,,,,,,,,,,,,,,3.9,,,,,3.2,,,,,2.6,,,,,2.1,,,1.9,1.8,1.7,,,
San Marino,"Prevalence of current tobacco use, females (% of female adults)",SH.PRV.SMOK.FE,,,,,,,,,,,,,,,,,,,,,,,,,,,,,,,,,,,,,,,,,,,,,,,,,,,,,,,,,,,,,,,,
Somalia,"Prevalence of current tobacco use, females (% of female adults)",SH.PRV.SMOK.FE,,,,,,,,,,,,,,,,,,,,,,,,,,,,,,,,,,,,,,,,,,,,,,,,,,,,,,,,,,,,,,,,
Serbia,"Prevalence of current tobacco use, females (% of female adults)",SH.PRV.SMOK.FE,,,,,,,,,,,,,,,,,,,,,,,,,,,,,,,,,,,,,,,,,39.1,,,,,39.3,,,,,39.1,,,,,39.1,,,39,39,39.1,,,
Sub-Saharan Africa (excluding high income),"Prevalence of current tobacco use, females (% of female adults)",SH.PRV.SMOK.FE,,,,,,,,,,,,,,,,,,,,,,,,,,,,,,,,,,,,,,,,,7.341924456,,,,,5.78218308,,,,,4.548202879,,,,,3.593742622,,,3.128321864,2.976528434,2.824081388,,,
South Sudan,"Prevalence of current tobacco use, females (% of female adults)",SH.PRV.SMOK.FE,,,,,,,,,,,,,,,,,,,,,,,,,,,,,,,,,,,,,,,,,,,,,,,,,,,,,,,,,,,,,,,,
Sub-Saharan Africa,"Prevalence of current tobacco use, females (% of female adults)",SH.PRV.SMOK.FE,,,,,,,,,,,,,,,,,,,,,,,,,,,,,,,,,,,,,,,,,7.343091075,,,,,5.783075433,,,,,4.548924938,,,,,3.594291795,,,3.128785505,2.976963949,2.824502074,,,
Small states,"Prevalence of current tobacco use, females (% of female adults)",SH.PRV.SMOK.FE,,,,,,,,,,,,,,,,,,,,,,,,,,,,,,,,,,,,,,,,,17.43924727,,,,,15.53606199,,,,,13.87421391,,,,,12.50786002,,,11.75617829,11.56318533,11.32855229,,,
Sao Tome and Principe,"Prevalence of current tobacco use, females (% of female adults)",SH.PRV.SMOK.FE,,,,,,,,,,,,,,,,,,,,,,,,,,,,,,,,,,,,,,,,,3.9,,,,,3,,,,,2.3,,,,,1.8,,,1.5,1.4,1.3,,,
Suriname,"Prevalence of current tobacco use, females (% of female adults)",SH.PRV.SMOK.FE,,,,,,,,,,,,,,,,,,,,,,,,,,,,,,,,,,,,,,,,,,,,,,,,,,,,,,,,,,,,,,,,
Slovak Republic,"Prevalence of current tobacco use, females (% of female adults)",SH.PRV.SMOK.FE,,,,,,,,,,,,,,,,,,,,,,,,,,,,,,,,,,,,,,,,,20.7,,,,,21.8,,,,,22.9,,,,,24.3,,,25.1,25.4,25.6,,,
Slovenia,"Prevalence of current tobacco use, females (% of female adults)",SH.PRV.SMOK.FE,,,,,,,,,,,,,,,,,,,,,,,,,,,,,,,,,,,,,,,,,23.1,,,,,22.1,,,,,21.3,,,,,20.4,,,20,19.8,19.6,,,
Sweden,"Prevalence of current tobacco use, females (% of female adults)",SH.PRV.SMOK.FE,,,,,,,,,,,,,,,,,,,,,,,,,,,,,,,,,,,,,,,,,38.9,,,,,32.3,,,,,26.7,,,,,22.1,,,19.6,19,18.2,,,
Eswatini,"Prevalence of current tobacco use, females (% of female adults)",SH.PRV.SMOK.FE,,,,,,,,,,,,,,,,,,,,,,,,,,,,,,,,,,,,,,,,,5.1,,,,,3.9,,,,,3,,,,,2.3,,,2,1.9,1.8,,,
Sint Maarten (Dutch part),"Prevalence of current tobacco use, females (% of female adults)",SH.PRV.SMOK.FE,,,,,,,,,,,,,,,,,,,,,,,,,,,,,,,,,,,,,,,,,,,,,,,,,,,,,,,,,,,,,,,,
Seychelles,"Prevalence of current tobacco use, females (% of female adults)",SH.PRV.SMOK.FE,,,,,,,,,,,,,,,,,,,,,,,,,,,,,,,,,,,,,,,,,14.2,,,,,11.6,,,,,9.5,,,,,7.8,,,6.9,6.6,6.4,,,
Syrian Arab Republic,"Prevalence of current tobacco use, females (% of female adults)",SH.PRV.SMOK.FE,,,,,,,,,,,,,,,,,,,,,,,,,,,,,,,,,,,,,,,,,,,,,,,,,,,,,,,,,,,,,,,,
Turks and Caicos Islands,"Prevalence of current tobacco use, females (% of female adults)",SH.PRV.SMOK.FE,,,,,,,,,,,,,,,,,,,,,,,,,,,,,,,,,,,,,,,,,,,,,,,,,,,,,,,,,,,,,,,,
Chad,"Prevalence of current tobacco use, females (% of female adults)",SH.PRV.SMOK.FE,,,,,,,,,,,,,,,,,,,,,,,,,,,,,,,,,,,,,,,,,6.3,,,,,5.1,,,,,4.1,,,,,3.3,,,2.9,2.8,2.7,,,
East Asia & Pacific (IDA & IBRD countries),"Prevalence of current tobacco use, females (% of female adults)",SH.PRV.SMOK.FE,,,,,,,,,,,,,,,,,,,,,,,,,,,,,,,,,,,,,,,,,5.553867593,,,,,4.672009527,,,,,3.945708802,,,,,3.350360163,,,3.014633994,2.88636081,2.834272388,,,
Europe & Central Asia (IDA & IBRD countries),"Prevalence of current tobacco use, females (% of female adults)",SH.PRV.SMOK.FE,,,,,,,,,,,,,,,,,,,,,,,,,,,,,,,,,,,,,,,,,15.82889004,,,,,15.25554486,,,,,14.75146342,,,,,14.42500967,,,14.25216645,14.21534235,14.19640985,,,
Togo,"Prevalence of current tobacco use, females (% of female adults)",SH.PRV.SMOK.FE,,,,,,,,,,,,,,,,,,,,,,,,,,,,,,,,,,,,,,,,,4.8,,,,,3.4,,,,,2.4,,,,,1.7,,,1.4,1.3,1.2,,,
Thailand,"Prevalence of current tobacco use, females (% of female adults)",SH.PRV.SMOK.FE,,,,,,,,,,,,,,,,,,,,,,,,,,,,,,,,,,,,,,,,,6,,,,,5,,,,,4.2,,,,,3.5,,,3.1,3,2.9,,,
Tajikistan,"Prevalence of current tobacco use, females (% of female adults)",SH.PRV.SMOK.FE,,,,,,,,,,,,,,,,,,,,,,,,,,,,,,,,,,,,,,,,,,,,,,,,,,,,,,,,,,,,,,,,
Turkmenistan,"Prevalence of current tobacco use, females (% of female adults)",SH.PRV.SMOK.FE,,,,,,,,,,,,,,,,,,,,,,,,,,,,,,,,,,,,,,,,,0.7,,,,,0.6,,,,,0.6,,,,,0.5,,,0.5,0.5,0.4,,,
Latin America & the Caribbean (IDA & IBRD countries),"Prevalence of current tobacco use, females (% of female adults)",SH.PRV.SMOK.FE,,,,,,,,,,,,,,,,,,,,,,,,,,,,,,,,,,,,,,,,,16.5470216,,,,,13.93490847,,,,,11.82648335,,,,,10.00853446,,,9.107722076,8.800404945,8.5422695,,,
Timor-Leste,"Prevalence of current tobacco use, females (% of female adults)",SH.PRV.SMOK.FE,,,,,,,,,,,,,,,,,,,,,,,,,,,,,,,,,,,,,,,,,20.3,,,,,17.3,,,,,14.8,,,,,12.7,,,11.5,11.2,10.8,,,
Middle East & North Africa (IDA & IBRD countries),"Prevalence of current tobacco use, females (% of female adults)",SH.PRV.SMOK.FE,,,,,,,,,,,,,,,,,,,,,,,,,,,,,,,,,,,,,,,,,5.438284395,,,,,4.502757668,,,,,3.781023971,,,,,3.304509408,,,2.960994348,2.845756051,2.733425993,,,
Tonga,"Prevalence of current tobacco use, females (% of female adults)",SH.PRV.SMOK.FE,,,,,,,,,,,,,,,,,,,,,,,,,,,,,,,,,,,,,,,,,14,,,,,14.4,,,,,14.6,,,,,15,,,15.2,15.2,15.3,,,
South Asia (IDA & IBRD),"Prevalence of current tobacco use, females (% of female adults)",SH.PRV.SMOK.FE,,,,,,,,,,,,,,,,,,,,,,,,,,,,,,,,,,,,,,,,,37.63420365,,,,,28.84556084,,,,,21.85034208,,,,,16.56344461,,,13.96742274,13.20839915,12.5363221,,,
Sub-Saharan Africa (IDA & IBRD countries),"Prevalence of current tobacco use, females (% of female adults)",SH.PRV.SMOK.FE,,,,,,,,,,,,,,,,,,,,,,,,,,,,,,,,,,,,,,,,,7.343091075,,,,,5.783075433,,,,,4.548924938,,,,,3.594291795,,,3.128785505,2.976963949,2.824502074,,,
Trinidad and Tobago,"Prevalence of current tobacco use, females (% of female adults)",SH.PRV.SMOK.FE,,,,,,,,,,,,,,,,,,,,,,,,,,,,,,,,,,,,,,,,,,,,,,,,,,,,,,,,,,,,,,,,
Tunisia,"Prevalence of current tobacco use, females (% of female adults)",SH.PRV.SMOK.FE,,,,,,,,,,,,,,,,,,,,,,,,,,,,,,,,,,,,,,,,,5.1,,,,,4,,,,,3.2,,,,,2.5,,,2.2,2.1,2,,,
Turkiye,"Prevalence of current tobacco use, females (% of female adults)",SH.PRV.SMOK.FE,,,,,,,,,,,,,,,,,,,,,,,,,,,,,,,,,,,,,,,,,14.5,,,,,15.6,,,,,16.7,,,,,17.9,,,18.6,18.9,19.2,,,
Tuvalu,"Prevalence of current tobacco use, females (% of female adults)",SH.PRV.SMOK.FE,,,,,,,,,,,,,,,,,,,,,,,,,,,,,,,,,,,,,,,,,29.3,,,,,27.3,,,,,25,,,,,23.1,,,22,21.7,21.3,,,
Tanzania,"Prevalence of current tobacco use, females (% of female adults)",SH.PRV.SMOK.FE,,,,,,,,,,,,,,,,,,,,,,,,,,,,,,,,,,,,,,,,,7.4,,,,,6.1,,,,,5,,,,,4.1,,,3.6,3.5,3.4,,,
Uganda,"Prevalence of current tobacco use, females (% of female adults)",SH.PRV.SMOK.FE,,,,,,,,,,,,,,,,,,,,,,,,,,,,,,,,,,,,,,,,,13.6,,,,,9.8,,,,,7.1,,,,,5.1,,,4.3,4,3.7,,,
Ukraine,"Prevalence of current tobacco use, females (% of female adults)",SH.PRV.SMOK.FE,,,,,,,,,,,,,,,,,,,,,,,,,,,,,,,,,,,,,,,,,14.1,,,,,13.4,,,,,12.7,,,,,12.1,,,11.7,11.6,11.5,,,
Upper middle income,"Prevalence of current tobacco use, females (% of female adults)",SH.PRV.SMOK.FE,,,,,,,,,,,,,,,,,,,,,,,,,,,,,,,,,,,,,,,,,7.126160052,,,,,6.135277343,,,,,5.372229823,,,,,4.756072393,,,4.419152797,4.293710113,4.227090747,,,
Uruguay,"Prevalence of current tobacco use, females (% of female adults)",SH.PRV.SMOK.FE,,,,,,,,,,,,,,,,,,,,,,,,,,,,,,,,,,,,,,,,,29.3,,,,,26,,,,,23.3,,,,,20.7,,,19.3,18.8,18.5,,,
United States,"Prevalence of current tobacco use, females (% of female adults)",SH.PRV.SMOK.FE,,,,,,,,,,,,,,,,,,,,,,,,,,,,,,,,,,,,,,,,,27,,,,,24.2,,,,,21.8,,,,,19.6,,,18.3,17.8,17.5,,,
Uzbekistan,"Prevalence of current tobacco use, females (% of female adults)",SH.PRV.SMOK.FE,,,,,,,,,,,,,,,,,,,,,,,,,,,,,,,,,,,,,,,,,1.4,,,,,1.3,,,,,1.3,,,,,1.2,,,1.1,1.1,1.1,,,
St. Vincent and the Grenadines,"Prevalence of current tobacco use, females (% of female adults)",SH.PRV.SMOK.FE,,,,,,,,,,,,,,,,,,,,,,,,,,,,,,,,,,,,,,,,,,,,,,,,,,,,,,,,,,,,,,,,
"Venezuela, RB","Prevalence of current tobacco use, females (% of female adults)",SH.PRV.SMOK.FE,,,,,,,,,,,,,,,,,,,,,,,,,,,,,,,,,,,,,,,,,,,,,,,,,,,,,,,,,,,,,,,,
British Virgin Islands,"Prevalence of current tobacco use, females (% of female adults)",SH.PRV.SMOK.FE,,,,,,,,,,,,,,,,,,,,,,,,,,,,,,,,,,,,,,,,,,,,,,,,,,,,,,,,,,,,,,,,
Virgin Islands (U.S.),"Prevalence of current tobacco use, females (% of female adults)",SH.PRV.SMOK.FE,,,,,,,,,,,,,,,,,,,,,,,,,,,,,,,,,,,,,,,,,,,,,,,,,,,,,,,,,,,,,,,,
Viet Nam,"Prevalence of current tobacco use, females (% of female adults)",SH.PRV.SMOK.FE,,,,,,,,,,,,,,,,,,,,,,,,,,,,,,,,,,,,,,,,,4.8,,,,,3.9,,,,,3.2,,,,,2.6,,,2.3,2.2,2.2,,,
Vanuatu,"Prevalence of current tobacco use, females (% of female adults)",SH.PRV.SMOK.FE,,,,,,,,,,,,,,,,,,,,,,,,,,,,,,,,,,,,,,,,,4.1,,,,,3.7,,,,,3.3,,,,,2.9,,,2.7,2.7,2.6,,,
World,"Prevalence of current tobacco use, females (% of female adults)",SH.PRV.SMOK.FE,,,,,,,,,,,,,,,,,,,,,,,,,,,,,,,,,,,,,,,,,17.85777272,,,,,14.82414635,,,,,12.34491561,,,,,10.33614809,,,9.29388031,8.96461296,8.686439779,,,
Samoa,"Prevalence of current tobacco use, females (% of female adults)",SH.PRV.SMOK.FE,,,,,,,,,,,,,,,,,,,,,,,,,,,,,,,,,,,,,,,,,23.1,,,,,20.5,,,,,18.3,,,,,16.2,,,15.2,14.9,14.5,,,
Kosovo,"Prevalence of current tobacco use, females (% of female adults)",SH.PRV.SMOK.FE,,,,,,,,,,,,,,,,,,,,,,,,,,,,,,,,,,,,,,,,,,,,,,,,,,,,,,,,,,,,,,,,
"Yemen, Rep.","Prevalence of current tobacco use, females (% of female adults)",SH.PRV.SMOK.FE,,,,,,,,,,,,,,,,,,,,,,,,,,,,,,,,,,,,,,,,,15.5,,,,,13.1,,,,,11.1,,,,,9.5,,,8.6,8.3,8.1,,,
South Africa,"Prevalence of current tobacco use, females (% of female adults)",SH.PRV.SMOK.FE,,,,,,,,,,,,,,,,,,,,,,,,,,,,,,,,,,,,,,,,,11.8,,,,,10.1,,,,,8.7,,,,,7.5,,,7,6.7,6.5,,,
Zambia,"Prevalence of current tobacco use, females (% of female adults)",SH.PRV.SMOK.FE,,,,,,,,,,,,,,,,,,,,,,,,,,,,,,,,,,,,,,,,,8.5,,,,,6.9,,,,,5.6,,,,,4.6,,,4,3.9,3.7,,,
Zimbabwe,"Prevalence of current tobacco use, females (% of female adults)",SH.PRV.SMOK.FE,,,,,,,,,,,,,,,,,,,,,,,,,,,,,,,,,,,,,,,,,4.6,,,,,3.5,,,,,2.6,,,,,2,,,1.7,1.6,1.5,,,